suburb,SALY
NORTH WILLOUGHBY,99.87078173915191
WILLOUGHBY,97.35479884116421
ROSEVILLE,95.79665656621985
NORTHBRIDGE,95.784803447031
WILLOUGHBY NORTH,95.30079724717707
LINDFIELD,95.21567448361833
CHATSWOOD,95.18112082782304
WOLLONGONG,95.13482980492186
EAST ROSEVILLE,95.10242935841305
EAST CHATSWOOD,95.100157287921
WILLOUHBY,95.09741637748614
CASTLE COVE,94.885663474368
WILLOUGHBY EAST,94.87741772677614
ROSEVILLE CHASE,94.87667992690976
MIDDLE COVE,94.86131528332004
CASTLECRAG,94.54538904963583
